{
    "EchoTime": 0.087,
    "EffectiveEchoSpacing": 0.0005858512242533033,
    "PhaseEncodingDirection": "j-",
    "TotalReadoutTime": 0.06210022977085015
}