{
    "EchoTime1": 0.00272,
    "EchoTime2": 0.00518
}